Provincia,Poblacion_Censo_2022
Provincia de Buenos Aires,17 523 996
Córdoba,3 840 905
Santa Fe,3 544 908
Ciudad Autónoma de Buenos Aires,3 121 707
Mendoza,2 043 540
Tucumán,1 731 820
Salta,1 440 672
Entre Ríos,1 425 578
Misiones,1 278 873
Corrientes,1 212 696
Chaco,1 129 606
Santiago del Estero,1 060 906
San Juan,822 853
Jujuy,811 611
Río Negro,750 768
Neuquén,710 814
Formosa,607 419
Chubut,592 621
San Luis,542 069
Catamarca,429 562
La Rioja,383 865
La Pampa,361 859
Santa Cruz,337 226
Tierra del Fuego,185 732
Total del país,45 892 285
